id,first_name,last_name,date_of_birth,gender,pension
1,Doralia,Couronne,1922-11-14,Female,21374.27
2,Arvin,Stubbe,1956-07-02,Male,21739.66
3,Jeannie,Langtry,1942-08-17,Female,18170.99
4,Yardley,Chezier,1938-06-09,Male,21037.34
5,Cori,Kobiera,1954-11-04,Female,26482.61
6,Nestor,Ferrino,1942-01-31,Male,22226.91
7,Huntlee,Bartaloni,1919-02-06,Male,18712.22
8,Byrom,Kilgrew,1927-03-04,Male,21036.15
9,Rey,Letteresse,1957-04-28,Male,21139.87
10,Perren,McTrustram,1931-05-01,Male,20270.48
11,Bogart,Critchard,1924-02-02,Male,16043.77
12,Kliment,Fulham,1928-10-18,Male,21897.68
13,Tyne,Peteri,1927-05-29,Female,15634.3
14,Aimil,Finlason,1922-03-17,Female,20946.83
15,Page,Wrightim,1937-10-07,Female,16754.85
16,Hobart,Spurritt,1946-07-02,Male,14933.29
17,Ainsley,Blaydon,1949-08-20,Female,19992.65
18,Dacie,Yuryichev,1947-07-14,Female,20955.41
19,Bruis,Bonifas,1951-03-06,Male,21753.26
20,Harli,McGreil,1931-11-23,Female,21098.87
21,Enrika,Ritch,1935-09-04,Female,20941.04
22,Maggee,Payn,1924-07-17,Female,22462.99
23,Dory,Whitcomb,1918-11-26,Female,16339.75
24,Adler,Boulstridge,1930-09-25,Male,16223.09
25,Lizzy,Hallgalley,1922-05-16,Female,22365.7
26,Mead,Hellier,1935-01-18,Male,23577.29
27,Kelly,McFater,1933-05-12,Male,19542.98
28,Vere,Chamley,1937-02-14,Female,19981.79
29,Cully,Aldwick,1940-08-27,Male,24968.62
30,Prue,Gadie,1931-12-28,Female,18946.88
31,Tiebold,Stork,1937-03-14,Male,23678.98
32,Marcos,Privost,1956-02-27,Male,18447.67
33,Korney,Breitler,1934-09-18,Female,20180.34
34,Carlene,Ingolotti,1939-05-27,Female,22196.27
35,Kimble,Littledyke,1930-05-19,Male,20141.39
36,Wendye,Edmund,1956-03-28,Female,19379.58
37,Reider,Witnall,1944-01-28,Male,20539.62
38,Dorey,Doy,1923-06-10,Female,17970.43
39,Rachelle,Herity,1929-08-12,Female,19052.43
40,Jeremie,Froude,1935-10-02,Male,22232.86
41,Trixy,Carlone,1925-07-02,Female,17403.42
42,Briny,Seally,1934-02-16,Female,19658.18
43,Kevin,Dodgson,1940-10-06,Male,20354.49
44,Sebastien,Bothbie,1945-05-03,Male,17272.49
45,Sollie,Waeland,1919-10-18,Male,22379.94
46,Liv,MacClinton,1928-10-23,Female,20657.15
47,Minnaminnie,Gitthouse,1926-08-12,Female,20444.43
48,Waylan,Yapp,1957-08-24,Male,20516.23
49,Rosalie,Leechman,1936-06-23,Female,18147.35
50,Billy,Ference,1954-01-15,Female,17413.83
51,Carly,Norree,1954-10-21,Male,20575.17
52,Trevar,Kneath,1921-05-18,Male,17741.41
53,Rand,Tunnah,1946-03-15,Male,17195.73
54,Kary,Bibb,1928-01-27,Female,16807.12
55,Dael,Barbara,1938-02-10,Male,19666.74
56,Marcelline,Hackin,1921-02-27,Female,21691.39
57,Kizzie,Stoyell,1938-07-11,Female,28528.65
58,Riordan,Waugh,1933-09-06,Male,12728.25
59,Willie,Mell,1935-03-19,Female,15817.97
60,Garrott,Galvin,1951-01-31,Male,18655.18
61,Dick,O' Mullane,1920-03-17,Male,20884.95
62,Venita,Bottlestone,1930-06-22,Female,23317.84
63,Shepard,Klimczak,1941-10-16,Male,17744.89
64,Richmound,Smurthwaite,1924-11-28,Male,15730.11
65,Estevan,Persitt,1948-01-10,Male,19490.01
66,Claude,Pibworth,1918-11-16,Female,23795.23
67,Syd,Pragnell,1922-03-19,Male,20391.26
68,Dierdre,Beller,1940-04-15,Female,14492.84
69,Ardra,Robb,1918-11-22,Female,20932.48
70,Bernadina,Plait,1937-10-17,Female,17521.12
71,Jessi,Gummary,1945-11-04,Female,22518.71
72,Kylie,Hardes,1944-07-30,Male,21813.42
73,Liane,McNeil,1941-12-03,Female,22007.43
74,Rocky,Hammerstone,1950-09-05,Male,26196.19
75,Ferdinanda,Menico,1929-06-03,Female,23748.07
76,Vikky,Haycox,1930-06-28,Female,18442.31
77,Ethelyn,Benoiton,1942-02-27,Female,19820.55
78,Traci,Sayre,1942-02-21,Female,16081.4
79,Marita,O'Hannen,1928-01-01,Female,21335.02
80,Chelsae,Canada,1936-12-27,Female,16763.41
81,Reggie,Langan,1946-10-12,Female,23196.3
82,Misti,Dumbreck,1929-03-15,Female,17150.68
83,Margarete,Marcome,1930-05-01,Female,21214.23
84,Bess,Radnedge,1937-12-21,Female,24692.26
85,Mei,Horley,1919-07-06,Female,20707.37
86,Bronny,Virgin,1953-06-09,Male,20416.16
87,Sergei,Husselbee,1949-12-17,Male,24020.8
88,Anjela,Weine,1935-08-21,Female,18583.29
89,Nikola,Tittershill,1937-01-15,Male,23779.46
90,Eleonora,Errett,1926-06-27,Female,24803.8
91,Jacob,Press,1951-12-31,Male,14984.23
92,Genia,Anfosso,1936-05-15,Female,20051.96
93,Berton,Wardesworth,1923-02-01,Male,19655.41
94,Ross,Strowan,1945-08-08,Male,17691.2
95,Amandy,Tremberth,1946-05-02,Female,23978.7
96,Georg,Shortcliffe,1946-11-08,Male,24454.23
97,Gustavus,Luney,1930-06-28,Male,26037.17
98,Toinette,Campany,1941-10-11,Female,19967.6
99,Miltie,Mackleden,1946-08-28,Male,21744.44
100,Wilbur,O'Scanlon,1923-05-30,Male,22771.78
101,Aura,Treadgold,1942-10-07,Female,20426.39
102,Guntar,Meek,1927-12-17,Male,23044.91
103,Eunice,McCrorie,1958-01-18,Female,24129.38
104,Fabio,Camidge,1936-12-24,Male,21042.35
105,Joceline,McQuilkin,1957-06-05,Female,21389.82
106,Bart,Jumonet,1954-11-13,Male,15499.66
107,Neely,Yaxley,1948-03-23,Female,19664.47
108,Micky,Jeannet,1949-07-13,Female,17890.36
109,Kessiah,Schneidar,1950-05-30,Female,19394.06
110,Mycah,Maunder,1938-05-18,Male,19780.7
111,Issy,Kinker,1944-07-02,Female,14053.6
112,Vikky,Cella,1927-09-18,Female,24317.39
113,Hagen,Dasent,1934-08-28,Male,22009.57
114,Vincents,Beeby,1924-07-22,Male,19983.99
115,Jameson,Cullinane,1928-11-30,Male,19800.0
116,Perri,Orbon,1955-06-23,Female,21474.71
117,Cassie,Yitshak,1938-04-25,Female,17382.47
118,Javier,Freschi,1922-02-21,Male,21243.21
119,Vilhelmina,Blastock,1940-05-04,Female,18113.64
120,Winni,Haggleton,1951-03-06,Female,21630.6
121,Hadley,Walbrun,1948-11-14,Male,17054.68
122,Rhea,Balaam,1949-06-28,Female,16688.0
123,Lorie,Brecken,1926-12-31,Female,20121.05
124,Felicio,O'Shields,1926-03-28,Male,19252.3
125,Saloma,Orange,1945-09-12,Female,19785.86
126,Giraldo,Leavy,1940-04-26,Male,21116.53
127,Ailee,Cutts,1942-06-28,Female,20749.65
128,Linnet,Comley,1922-03-21,Female,21366.19
129,Stormi,Braddock,1956-01-24,Female,14544.82
130,Nial,Leggan,1956-06-09,Male,23075.92
131,Kameko,Ramage,1934-03-30,Female,16362.67
132,Hendrick,Kroin,1935-09-17,Male,20731.98
133,Erena,Brizland,1931-08-14,Female,17253.04
134,Jennie,Baldcock,1957-01-02,Female,24308.43
135,Emmit,Penn,1919-05-08,Male,20548.32
136,Bail,Bingham,1957-06-22,Male,21112.34
137,Blakeley,Heeron,1922-11-22,Female,16406.7
138,Flory,Maffy,1945-02-18,Female,25952.62
139,Antons,Chadd,1927-12-22,Male,22149.26
140,Elfrida,McGarvie,1948-10-17,Female,21482.64
141,Kelsey,Gilbard,1932-07-10,Male,23483.54
142,Inessa,Rudinger,1936-09-24,Female,25894.43
143,Booth,Boles,1932-05-27,Male,12503.8
144,Isabeau,Fosbraey,1954-09-25,Female,17564.94
145,Belia,Dominighi,1952-01-25,Female,21659.45
146,Kathy,Wadsworth,1957-04-06,Female,15826.03
147,Rand,Hulance,1926-06-07,Male,22397.06
148,Brook,Allmann,1950-02-27,Female,17637.36
149,Egbert,Overstall,1926-05-13,Male,20106.16
150,Beale,Aveyard,1931-04-10,Male,17738.14
151,Vanni,Fippe,1949-05-26,Female,21628.07
152,Ulric,Govett,1920-07-04,Male,18368.72
153,Tailor,Guerreiro,1956-12-06,Male,15805.47
154,Cole,Albertson,1934-01-11,Male,15323.55
155,Delmer,Cheltnam,1953-05-18,Male,15194.78
156,Obed,Eagle,1943-10-31,Male,21076.04
157,Alard,Longfoot,1925-06-17,Male,26259.44
158,Agnes,Fontes,1942-07-24,Female,22615.17
159,Olivia,Ramey,1941-10-20,Female,18977.11
160,Lorin,Forsard,1930-01-02,Male,20259.85
161,Nigel,Peskett,1923-01-15,Male,19413.14
162,Kendra,Fulk,1955-12-11,Female,25528.53
163,Randolf,Panchin,1944-08-10,Male,19360.8
164,Menard,Bottelstone,1949-11-13,Male,23592.64
165,Charil,Crumpe,1922-06-16,Female,26655.3
166,Forrester,Le Gall,1919-05-25,Male,18807.06
167,Edgar,Spragg,1932-12-06,Male,20397.53
168,Jasen,Coleiro,1931-12-07,Male,18865.84
169,Bibbie,Stener,1934-06-10,Female,20905.81
170,Anallese,Eynon,1923-06-30,Female,18565.69
171,Tripp,Redgrave,1939-09-21,Male,21965.42
172,Marley,Trowsdall,1919-10-26,Female,18040.03
173,Abbot,Shenfish,1949-09-28,Male,20114.03
174,Cam,Lailey,1940-05-18,Male,17547.78
175,Blancha,Stiegar,1923-11-27,Female,22573.62
176,Dannie,Paike,1924-02-05,Female,11300.85
177,Ezra,Crasford,1958-03-02,Male,18868.16
178,Shirleen,Beal,1925-08-18,Female,21255.31
179,Gustave,Eubank,1928-06-14,Male,22417.98
180,Brod,Bunford,1926-07-23,Male,15704.58
181,Josepha,Reith,1929-01-17,Female,20508.28
182,Ailis,Strapp,1952-05-15,Female,15454.38
183,Caldwell,MacLise,1932-07-01,Male,21334.42
184,Abner,Dilon,1952-11-08,Male,19176.3
185,Shaughn,Pitcock,1944-01-28,Male,15960.37
186,Vinny,Blackah,1945-08-14,Male,21864.53
187,Jarid,Beggin,1926-06-08,Male,20768.13
188,Doreen,Collymore,1954-08-13,Female,19628.81
189,Sari,Harfleet,1930-10-21,Female,17309.33
190,Elinore,Woollends,1947-10-24,Female,15883.95
191,Andreana,Ship,1920-09-15,Female,24501.61
192,Danila,Habergham,1945-10-10,Female,24148.73
193,Lloyd,Frake,1941-12-25,Male,21085.18
194,Maxy,Sheepy,1937-10-02,Male,19976.06
195,Englebert,Boothman,1919-12-12,Male,19857.29
196,Berget,Jowling,1926-09-12,Female,18687.39
197,Mady,Lynn,1940-08-14,Female,21909.17
198,Germayne,Stiggles,1919-01-10,Male,25388.65
199,Jdavie,Lombardo,1951-02-20,Male,18781.48
200,Conrado,Geering,1921-10-21,Male,18376.02
201,Allayne,Bolte,1952-05-05,Male,15634.61
202,Alejoa,Hanlin,1955-03-12,Male,20400.88
203,Tanya,Poyner,1955-09-01,Female,19100.23
204,Darrin,Fawdrey,1936-03-12,Male,18325.14
205,Birgitta,Swettenham,1951-09-04,Female,19545.12
206,Carie,Snartt,1931-01-26,Female,20290.2
207,Emelia,Ricart,1932-07-24,Female,26345.57
208,Lalo,Thurborn,1949-12-13,Male,22413.02
209,Alfred,Goodsall,1934-04-11,Male,15339.11
210,Ethelyn,Fehner,1932-11-10,Female,17149.89
211,Vernen,Rowthorne,1958-04-09,Male,21964.92
212,Meredith,Djakovic,1949-10-26,Male,19451.81
213,Guenna,Klimko,1923-11-18,Female,22670.65
214,Norry,Millyard,1927-05-14,Female,18883.53
215,Cherey,Hoyes,1920-12-25,Female,22652.66
216,Nicholle,Bodman,1953-07-16,Female,23927.28
217,Ariel,Kibel,1936-06-14,Male,25150.12
218,Artair,Walls,1958-06-03,Male,28148.0
219,Axel,Ferreli,1935-03-25,Male,17576.92
220,Deena,Matton,1943-02-16,Female,20652.05
221,Shea,Courcey,1920-12-30,Female,16593.97
222,Dawn,Sansum,1932-04-18,Female,21022.4
223,Ketti,Simonnet,1928-08-29,Female,22912.57
224,Gardy,Firminger,1918-11-07,Male,21270.35
225,Alysa,Sackes,1948-06-30,Female,15602.02
226,Roderic,Krzyzaniak,1958-05-22,Male,16722.46
227,Natalya,Skelly,1924-07-24,Female,16676.13
228,Cirilo,Mee,1946-07-18,Male,20182.93
229,Stevie,Rapson,1957-05-14,Male,17235.58
230,Rafaela,Baudain,1938-09-07,Female,16364.73
231,Sigismondo,Gerrish,1953-03-23,Male,22335.14
232,Lauralee,Murtagh,1942-02-25,Female,22514.65
233,Julio,Rodenhurst,1956-09-27,Male,17296.63
234,Willis,Durling,1955-08-27,Male,16662.51
235,Vita,Nozzolinii,1941-02-06,Female,21967.18
236,Melisenda,Benedicto,1946-02-02,Female,21653.39
237,Tim,Preshaw,1919-10-16,Male,23215.52
238,Deerdre,Matas,1925-02-18,Female,27034.97
239,Drud,Ciardo,1921-10-04,Male,17517.63
240,Federico,Barcroft,1923-12-01,Male,25118.74
241,Sunny,Tonbye,1924-09-21,Male,21682.54
242,Tobit,McDougle,1930-01-23,Male,14754.88
243,Ryon,Meran,1919-08-26,Male,23945.44
244,Brendin,Shepeard,1953-05-05,Male,20523.39
245,Roxane,Capsey,1940-04-17,Female,18749.87
246,Beckie,De Mattei,1954-12-30,Female,16034.7
247,Jeddy,Sorbie,1953-03-26,Male,21246.04
248,Brana,Duffell,1919-09-24,Female,19529.95
249,Meridith,Swadden,1923-05-04,Female,19822.58
250,Amelina,Edgett,1955-07-31,Female,24080.29
251,Rheta,Westmerland,1944-11-01,Female,21881.65
252,Lucita,Gohn,1940-06-18,Female,21043.73
253,Jannelle,Isack,1953-07-31,Female,19820.37
254,Orelia,Carleman,1921-02-09,Female,23035.11
255,Sashenka,Abreheart,1953-05-22,Female,19171.93
256,Bernadine,Coper,1926-11-25,Female,19289.59
257,Roxanne,Birkby,1946-03-17,Female,18645.92
258,Rosette,Follitt,1919-06-13,Female,16572.9
259,Chevy,Whaley,1934-03-14,Male,17197.89
260,Cynthia,Clemenceau,1942-07-16,Female,18528.01
261,Nataniel,Sommer,1929-09-10,Male,20796.08
262,Sloan,Wakeman,1953-10-13,Male,15254.88
263,Sigismondo,Kigelman,1923-06-22,Male,24876.05
264,Lilas,Pasterfield,1921-07-15,Female,24716.91
265,Cristina,Adcocks,1928-01-29,Female,20230.62
266,Karena,Agostini,1943-04-21,Female,18043.42
267,Dominick,Dawton,1942-08-18,Male,17113.29
268,Merill,Raffeorty,1920-08-29,Male,20579.35
269,Emilee,Pallasch,1944-07-29,Female,20322.97
270,Warden,Stanaway,1944-12-29,Male,18529.75
271,Michale,Lorriman,1923-09-25,Male,20359.99
272,Claudetta,Feetham,1951-07-10,Female,20975.57
273,Adolph,Dighton,1938-01-15,Male,20397.5
274,Brander,Ransfield,1944-03-26,Male,22507.21
275,Murielle,McChesney,1932-03-11,Female,15230.93
276,Mart,Eckh,1956-10-17,Male,18452.6
277,Wiatt,Dummer,1939-07-02,Male,20796.59
278,Rich,Izaac,1926-04-24,Male,22777.87
279,Silvia,Mulvihill,1935-10-30,Female,21622.18
280,Hannie,Monahan,1930-12-18,Female,19987.62
281,Mario,MacAnellye,1935-01-05,Male,14693.57
282,Silvia,Dow,1958-01-14,Female,18143.4
283,Teodor,Leavey,1938-06-06,Male,19641.47
284,Bram,Armiger,1938-09-06,Male,19708.51
285,Wrennie,Blanket,1952-11-23,Female,25990.53
286,Elora,Barlas,1955-10-27,Female,18612.42
287,Curran,O'Hannen,1936-10-24,Male,20450.32
288,Tanner,Dineen,1957-08-28,Male,22338.98
289,Steward,Putt,1957-10-16,Male,15262.83
290,Shannan,Edsall,1945-03-04,Male,18092.75
291,Glenine,Awton,1931-07-09,Female,24002.58
292,Earl,Stainsby,1950-01-02,Male,19633.26
293,Curtis,Dacres,1933-10-13,Male,19339.17
294,Ashli,Kiendl,1944-05-01,Female,16620.93
295,Berty,Skillett,1950-09-22,Male,19671.44
296,Shaine,Capelen,1924-05-02,Female,15686.37
297,Kamila,Martinek,1930-10-27,Female,16343.8
298,Waldo,Snar,1932-03-11,Male,25726.2
299,Langsdon,Fardon,1926-09-16,Male,16733.28
300,Devonne,Olin,1945-09-02,Female,22316.57
301,Nanci,McCallam,1955-06-07,Female,19456.68
302,Sayre,Cracker,1923-01-26,Female,20066.74
303,Nanny,Reder,1937-12-12,Female,19183.52
304,Avram,Chorlton,1942-07-31,Male,15351.27
305,Pyotr,Pullinger,1954-08-17,Male,23173.8
306,Stanwood,Prestidge,1936-06-12,Male,19152.93
307,Skipton,Deetch,1933-11-21,Male,19305.22
308,Minne,Zebedee,1922-08-02,Female,18350.09
309,Dominga,Genese,1941-08-12,Female,14339.25
310,Yvor,Gurery,1931-10-11,Male,16741.4
311,Isabel,Fenn,1952-01-09,Female,22830.06
312,Korey,Fairhead,1941-07-07,Male,17747.65
313,Nelia,Rozenzweig,1941-05-02,Female,25177.35
314,Meridith,Tozer,1932-03-19,Female,15898.64
315,Gunter,Cossor,1942-10-14,Male,15426.4
316,Zahara,Yaneev,1954-11-18,Female,18883.77
317,Robinetta,Dugget,1945-12-27,Female,21644.65
318,Karlie,Welfare,1958-05-05,Female,19469.96
319,Ward,Laverick,1919-03-02,Male,18884.94
320,Tobit,Ghest,1933-06-08,Male,22125.54
321,Raul,Corradino,1939-04-22,Male,19668.58
322,Keven,Karslake,1944-06-06,Male,22766.31
323,Essy,Burbage,1921-08-27,Female,21027.71
324,Alameda,Shimony,1920-03-09,Female,18012.78
325,Balduin,De Vile,1936-01-16,Male,21482.33
326,Lyn,MacDunlevy,1957-02-04,Male,28545.75
327,Cyril,Gornal,1930-09-29,Male,21672.33
328,Zachariah,Eddies,1923-03-20,Male,17710.19
329,Nissy,Dochon,1956-08-19,Female,20241.45
330,Ninette,Lacoste,1918-08-29,Female,18149.74
331,Elayne,Bovingdon,1930-01-11,Female,22061.9
332,Noreen,McGinley,1950-03-20,Female,20732.71
333,Bar,Petruszka,1930-11-16,Male,16123.58
334,Royal,Oakwell,1951-08-20,Male,19907.41
335,Amory,Burgher,1946-09-22,Male,14857.71
336,Malva,Rosendahl,1954-02-25,Female,18717.37
337,Cathryn,Boyde,1926-03-21,Female,21609.01
338,Rosetta,Hickford,1941-03-25,Female,21165.78
339,Ogdan,Kivell,1923-09-16,Male,16886.65
340,Dwight,Scanlon,1945-02-14,Male,16891.1
341,Willy,Sutherland,1943-02-01,Male,22656.81
342,Jacinthe,France,1933-04-29,Female,19072.62
343,Evelin,Halesworth,1938-04-28,Male,18972.33
344,Gordon,McCue,1935-04-16,Male,19994.26
345,Lanae,Creer,1930-12-19,Female,19182.33
346,Bennie,Mowle,1924-03-31,Male,16495.47
347,Chicky,Tchir,1945-08-12,Female,17600.98
348,Nariko,Danniel,1932-04-14,Female,22088.02
349,Hailey,Wescott,1953-09-19,Male,17614.34
350,Thurston,Newns,1943-05-03,Male,19441.15
351,Priscella,Shires,1944-10-15,Female,17536.48
352,Pierce,Putson,1925-05-12,Male,24507.93
353,Danie,Vallance,1930-01-11,Male,20327.99
354,Chickie,Gurge,1922-08-30,Female,24713.68
355,Melicent,Lanchbery,1923-06-30,Female,27998.7
356,Eberhard,Poundford,1924-07-20,Male,17651.84
357,Mair,Wooster,1943-08-27,Female,18021.16
358,Reiko,Gayle,1942-04-22,Female,18455.98
359,Shandra,Plastow,1923-04-02,Female,17391.07
360,Daron,Presnail,1952-10-15,Male,20356.52
361,Merissa,Smiz,1925-10-12,Female,22515.46
362,Jefferson,Ravenshaw,1935-11-21,Male,20322.5
363,Rene,Yexley,1943-12-06,Female,22304.49
364,Miguelita,Walrond,1922-05-26,Female,23416.19
365,Jaclyn,Brittain,1932-10-08,Female,16297.15
366,Kassandra,Goman,1938-12-14,Female,21732.1
367,Nikoletta,McCart,1945-06-22,Female,22228.91
368,Gunter,Colthurst,1944-01-12,Male,19740.34
369,Wanda,Bradforth,1954-02-02,Female,16982.05
370,Roseann,Surr,1957-08-09,Female,22539.12
371,Kipp,Eathorne,1957-04-02,Male,20955.33
372,Edlin,Wildash,1954-05-15,Male,20727.62
373,Ferdinand,Mawditt,1944-02-22,Male,19959.93
374,Tracey,Owens,1944-03-09,Male,18374.46
375,Loren,Choules,1922-07-12,Male,19361.41
376,Selby,Schnieder,1937-12-23,Male,19634.75
377,Carry,Lackham,1927-05-15,Female,26045.26
378,Annabel,Joney,1922-03-28,Female,20211.29
379,Tony,Roselli,1920-07-05,Female,14123.16
380,Aurthur,Wingeat,1935-09-09,Male,21907.35
381,Horacio,McKerrow,1922-06-03,Male,17884.95
382,Anders,Bison,1957-10-06,Male,23044.83
383,Solly,Boden,1953-01-31,Male,16598.7
384,Desmund,Banks,1950-04-25,Male,22188.94
385,Leonard,Di Angelo,1936-08-21,Male,18055.32
386,Kennett,Pettifor,1942-05-05,Male,21641.72
387,Leora,Emanuelov,1923-12-18,Female,11883.66
388,Artus,O'Fallowne,1947-03-14,Male,19032.1
389,Dolph,Saturley,1943-08-20,Male,17630.02
390,Ketti,Ketteringham,1924-06-08,Female,20892.12
391,Collette,Renshell,1932-02-10,Female,19927.23
392,Armin,Richfield,1941-11-25,Male,21962.38
393,Evonne,Benford,1945-02-25,Female,24825.12
394,Witty,Peret,1924-07-07,Male,16005.57
395,Pearle,Hillitt,1929-08-07,Female,19197.04
396,Winne,Stouther,1941-07-17,Female,25133.41
397,Lewiss,Netley,1950-12-11,Male,21201.19
398,Delphine,Yole,1923-09-28,Female,19184.43
399,Nye,Henriksson,1943-06-10,Male,17129.06
400,Gabie,Berthome,1937-09-23,Male,20441.36
401,Skelly,Ornells,1948-10-07,Male,16220.51
402,Terry,Sibbs,1949-08-11,Female,24536.15
403,Elroy,Rossbrooke,1935-11-03,Male,17304.0
404,Verina,Cubin,1943-01-07,Female,25075.77
405,Addy,Bucktrout,1936-11-14,Female,20930.1
406,Deloria,Siddon,1953-11-30,Female,21346.29
407,Torrance,Gors,1951-11-10,Male,16261.27
408,Gratiana,Robert,1926-02-27,Female,16025.03
409,Jana,Seakings,1934-10-11,Female,16458.69
410,Kattie,Chesson,1946-09-16,Female,19394.96
411,Philbert,Millin,1952-04-16,Male,19129.36
412,Abdul,Langstaff,1919-03-10,Male,25060.47
413,Roselle,Smullen,1932-07-03,Female,16340.93
414,Blane,Meads,1922-05-03,Male,19195.53
415,Remington,Adger,1939-11-19,Male,19381.43
416,Bailie,Ricarde,1946-05-20,Male,21779.35
417,Stephenie,Libbe,1944-06-27,Female,25142.62
418,Rosemonde,Surgen,1944-02-21,Female,20954.11
419,Ralf,Earengey,1930-07-25,Male,16455.19
420,Bernadine,Doddridge,1946-04-22,Female,17332.74
421,Raleigh,Dowsett,1947-03-20,Male,17741.1
422,Noelani,Laight,1932-09-21,Female,18791.87
423,Abbie,Sainthill,1927-10-26,Female,22282.23
424,Shepperd,Allon,1957-10-18,Male,20444.55
425,Haily,Denyagin,1937-06-29,Male,17984.72
426,Bernetta,Aird,1921-05-29,Female,20839.92
427,Benny,Normavell,1935-06-23,Male,24358.65
428,Thatch,Kirvin,1946-10-07,Male,21646.62
429,Skyler,Abercromby,1947-12-09,Male,22408.91
430,Richardo,Cresser,1926-07-22,Male,17150.4
431,Sarene,Harrington,1942-08-04,Female,17980.56
432,Juli,Skelington,1929-03-07,Female,23532.75
433,Guendolen,Jaouen,1941-10-12,Female,16541.49
434,Melodee,Everwin,1953-11-25,Female,18145.49
435,Adelind,Pierrepont,1950-03-05,Female,18133.48
436,Clementina,Pudsall,1958-01-15,Female,19074.48
437,Ottilie,Brennans,1933-05-27,Female,19556.43
438,Giovanna,Casement,1953-03-29,Female,18487.92
439,Phoebe,Richardon,1938-09-27,Female,17216.56
440,Jarib,Akred,1933-12-10,Male,21318.79
441,Joanie,Venus,1951-10-22,Female,21009.45
442,Bambie,Keeping,1943-08-06,Female,18899.87
443,Dorelia,Ovey,1947-11-19,Female,18173.87
444,Aleece,Kollas,1956-10-31,Female,22510.64
445,Katerine,Polack,1946-09-20,Female,14345.83
446,Manya,Brafield,1921-12-19,Female,17416.54
447,Brodie,Andrews,1924-12-06,Male,21435.54
448,Prentiss,Tremaine,1936-10-20,Male,24700.27
449,Gary,Jiroutka,1940-03-09,Male,16862.01
450,Nobe,O'Nowlan,1939-04-07,Male,19700.01
451,Pavel,Gibke,1945-12-03,Male,26927.07
452,Niko,Crimmins,1947-08-23,Male,15699.62
453,Karole,Rix,1928-07-10,Female,23471.25
454,Maggie,Thombleson,1951-02-01,Female,15871.98
455,Demeter,O'Ferris,1932-07-12,Female,23000.66
456,Nora,Babon,1935-07-29,Female,22864.77
457,Chrisy,Bend,1926-03-19,Male,22098.21
458,Garrick,Duncan,1937-12-12,Male,24227.06
459,Roxane,Chichgar,1948-10-05,Female,20553.6
460,Steffen,Scirman,1944-06-18,Male,22321.39
461,Dorrie,Binden,1937-04-11,Female,19679.21
462,Julienne,Izaks,1957-12-16,Female,15316.81
463,Fonsie,Silversmid,1925-05-31,Male,24397.57
464,Pierce,Beseke,1920-01-12,Male,22468.88
465,Corrina,Collie,1931-03-21,Female,20452.41
466,Garwin,Geri,1930-10-19,Male,18849.83
467,Katherina,Grushin,1926-04-19,Female,19569.97
468,Olia,Allchorn,1925-12-08,Female,17374.0
469,Lori,Rainford,1949-12-25,Female,15351.39
470,Welbie,Di Bernardo,1924-01-11,Male,20380.98
471,Edik,Laye,1944-11-09,Male,19312.25
472,Ollie,Stair,1958-02-10,Male,19169.47
473,Kerrie,Woller,1925-04-13,Female,19833.63
474,Ursulina,Biffin,1954-02-22,Female,24668.19
475,Hastings,Kirsche,1942-08-10,Male,26253.56
476,Dennie,Persian,1922-09-16,Male,19452.34
477,Jillane,Sherborn,1946-02-09,Female,25186.31
478,Ricca,Wetton,1940-08-14,Female,18170.32
479,Angelina,Stoneham,1947-09-05,Female,16502.15
480,Samuel,Lowmass,1935-10-15,Male,21179.6
481,Sydney,Keitley,1941-12-04,Female,21985.52
482,Ulla,Brough,1920-12-31,Female,15801.66
483,Andria,Mattinson,1935-03-09,Female,27584.91
484,Lolita,Sidary,1939-07-07,Female,24301.41
485,Florette,Ewenson,1944-10-07,Female,20708.01
486,Vince,Priestman,1947-05-11,Male,18156.91
487,Loleta,Longhi,1934-12-17,Female,21315.35
488,Carrissa,Coldicott,1921-08-20,Female,16424.83
489,Bart,Van,1925-06-13,Male,20484.29
490,Bertina,Munsey,1945-02-12,Female,18747.34
491,Rosemonde,Gimenez,1945-08-14,Female,15423.85
492,Fin,Bengtsson,1920-11-20,Male,23505.84
493,Basil,Ruffell,1943-04-09,Male,25875.5
494,Shelley,O'Doherty,1955-03-13,Male,23187.18
495,Eberhard,Neesham,1946-10-10,Male,11913.24
496,Mirabella,Dare,1936-10-22,Female,19217.2
497,Mira,Aim,1932-09-26,Female,15886.25
498,Gaspar,Murrill,1946-10-21,Male,22798.54
499,Anjela,Bazley,1953-08-21,Female,20225.61
500,Fidole,Whife,1936-08-07,Male,24490.27
501,Danny,Giannazzo,1956-03-29,Male,19796.38
502,Chev,Gabey,1945-06-17,Male,14360.37
503,Pietro,Otridge,1951-06-05,Male,25362.73
504,Garvin,Mooreed,1942-05-05,Male,22494.47
505,Mahalia,Massenhove,1948-10-20,Female,15967.14
506,Lilia,Lambirth,1947-02-05,Female,19623.13
507,Vonni,Chapman,1927-12-08,Female,13439.22
508,Kimberley,Ziemke,1958-04-21,Female,17426.21
509,Glenden,Pleavin,1955-09-22,Male,25160.25
510,Wilie,Gilding,1938-09-23,Female,25055.27
511,Dacia,Piniur,1922-04-23,Female,21839.73
512,Giacobo,McMichell,1948-02-29,Male,23472.16
513,Emelda,Dutchburn,1935-05-04,Female,22050.36
514,Floria,Kingsbury,1930-03-30,Female,20414.33
515,Tabina,Darton,1948-12-21,Female,18918.9
516,Stormi,Bartolacci,1935-09-30,Female,23400.56
517,Patric,Sollon,1924-02-23,Male,19037.26
518,Ardenia,Eccleston,1922-07-07,Female,20872.09
519,Beverlee,Stait,1939-10-06,Female,17846.18
520,Alayne,Pogson,1937-04-04,Female,19686.0
521,Dionysus,Lambourn,1932-02-17,Male,20910.39
522,Donal,Guillot,1949-11-06,Male,22909.07
523,Bab,Boulds,1944-12-18,Female,17697.6
524,Merrel,Syms,1955-04-05,Male,18506.24
525,Meryl,Casemore,1943-12-04,Female,19415.34
526,Norry,Jovanovic,1935-07-02,Female,23281.9
527,Jordain,Alan,1937-08-06,Female,20020.35
528,Kristo,Corkett,1947-04-06,Male,16157.74
529,Tate,Tofanelli,1944-08-18,Female,19719.2
530,Hazel,Seeler,1918-08-31,Female,17311.84
531,Nathanil,Camplejohn,1928-01-31,Male,19840.79
532,Renelle,Haselhurst,1935-10-24,Female,16242.32
533,Stefanie,Emps,1923-07-21,Female,19574.09
534,Fairlie,Hedden,1937-08-17,Male,15925.63
535,Rosita,Hows,1950-11-30,Female,16742.26
536,Tova,Given,1919-09-30,Female,26546.9
537,Loella,Bonehill,1925-08-05,Female,19538.41
538,Benjy,Lauder,1920-11-11,Male,20450.49
539,Husein,Oddboy,1957-04-02,Male,17990.21
540,Rees,Lyston,1929-09-08,Male,22817.7
541,Joe,Conti,1946-02-23,Male,20717.77
542,Zahara,Maughan,1957-01-26,Female,16617.88
543,Maure,Popov,1930-12-21,Female,23137.58
544,Sullivan,Heisham,1952-03-25,Male,18134.61
545,Beatrix,Berzin,1923-08-21,Female,21379.64
546,Nessi,Stretton,1939-04-10,Female,20637.12
547,Leonhard,Thornthwaite,1922-01-12,Male,21394.82
548,Jeff,Khotler,1932-05-28,Male,16148.75
549,Boris,Nevett,1920-02-13,Male,22771.03
550,Lamar,Spratling,1934-11-13,Male,21537.01
551,Larissa,Wynne,1932-04-18,Female,18293.12
552,Peria,Skittles,1955-02-26,Female,18541.56
553,Griz,MacRory,1948-02-27,Male,16948.43
554,Vaclav,Bedo,1947-02-01,Male,25285.69
555,Sally,Mithon,1950-01-19,Female,18657.87
556,Sheffield,Dods,1947-07-07,Male,22444.71
557,Haskell,Crean,1950-01-23,Male,24907.83
558,Del,Denisovich,1928-06-18,Male,20594.62
559,Bette,Dacre,1931-05-21,Female,20454.08
560,Lynn,Arblaster,1937-01-31,Male,18843.0
561,Guenna,Culshew,1922-12-30,Female,15573.12
562,Collie,Shillington,1939-03-26,Female,20932.85
563,Kearney,Hatterslay,1947-05-10,Male,24323.91
564,Bendix,Glashby,1933-11-17,Male,21389.71
565,Jodee,Biernat,1920-07-08,Female,12923.47
566,Aurelie,Merriton,1939-04-20,Female,17231.42
567,Georgena,Stoak,1933-12-30,Female,18964.82
568,Sharyl,St. Clair,1941-09-22,Female,19788.53
569,Shalne,Farncombe,1941-08-07,Female,15279.01
570,Nicky,Dana,1949-02-10,Male,21035.14
571,Sheela,Yewdall,1950-11-23,Female,25100.38
572,George,Feldstern,1954-09-29,Female,20456.6
573,Winfield,Leaton,1937-09-27,Male,20914.14
574,Dino,Duerden,1937-01-25,Male,21782.1
575,Ursola,De Freyne,1939-10-28,Female,15218.24
576,Jessee,Myton,1946-02-10,Male,15316.13
577,Wylie,Kiehl,1935-06-17,Male,22787.23
578,Gaynor,Varnham,1943-05-19,Female,17000.09
579,Erskine,Treamayne,1921-09-03,Male,22918.7
580,Jessamyn,Lofts,1919-08-25,Female,20873.79
581,Tomasine,Greig,1956-04-10,Female,20707.05
582,Dalton,Ziems,1936-05-30,Male,21903.56
583,Perrine,Elt,1950-03-31,Female,19880.16
584,Mabelle,Stanistrete,1957-03-31,Female,13400.62
585,Abbi,Batterson,1947-08-31,Female,23008.4
586,Adelaida,Yewdale,1951-09-22,Female,20951.26
587,Nathalia,Vickarman,1954-10-31,Female,19193.42
588,Maurizia,Karpinski,1932-08-29,Female,18829.56
589,Rebekkah,Lalevee,1937-02-11,Female,21329.1
590,Maegan,Lidgertwood,1933-01-02,Female,21219.96
591,Sherill,Macallam,1921-09-20,Female,24186.45
592,Olenka,Jaime,1923-04-03,Female,17111.26
593,West,Trippitt,1944-04-16,Male,19058.42
594,Cozmo,Hawksworth,1930-03-16,Male,20635.42
595,Juanita,Tromans,1935-02-22,Female,17572.05
596,Lindi,Anstey,1923-02-14,Female,26931.3
597,Dorothy,Plampin,1945-06-15,Female,22358.78
598,Kellen,Beaven,1940-08-13,Male,17612.26
599,Sharlene,Ferre,1953-06-08,Female,17703.32
600,Netty,Clemenson,1936-09-26,Female,21724.7
601,Carolin,Patching,1934-10-10,Female,17077.37
602,Suzy,Bemlott,1937-03-26,Female,20659.89
603,Lynne,Pingstone,1923-02-04,Female,18258.39
604,Rudyard,Harbour,1924-08-26,Male,19643.35
605,Brena,Noad,1927-06-11,Female,20874.06
606,Gay,Loncaster,1953-07-18,Female,18099.81
607,Lexis,Rosengren,1921-06-23,Female,21586.82
608,Rowen,Greenwood,1947-10-26,Male,17587.18
609,Mikel,Spuffard,1951-03-22,Male,15922.16
610,Olav,Dethloff,1937-05-26,Male,21027.32
611,Natty,Musto,1943-03-11,Female,23409.76
612,Nevsa,Batty,1938-03-18,Female,23211.55
613,Heidi,Hendrick,1928-03-19,Female,20985.48
614,Lyon,Durtnel,1929-06-19,Male,19438.69
615,Delcine,Kleinsmuntz,1938-10-09,Female,19207.59
616,Toby,Adds,1921-04-10,Female,17917.4
617,Arlene,Hartus,1921-06-29,Female,20269.94
618,Bernetta,Bogays,1939-03-06,Female,15606.01
619,Tabatha,O'Deoran,1932-09-05,Female,16819.89
620,Karel,Bexley,1957-12-05,Female,14719.02
621,Gratiana,Colwell,1948-10-31,Female,19185.43
622,Tracee,Tingly,1956-05-17,Female,17304.4
623,Pippo,Audenis,1944-03-05,Male,22905.99
624,Walsh,Fleming,1931-08-01,Male,22446.88
625,Grace,Fagan,1944-01-12,Female,20980.45
626,Alister,Doyle,1948-02-17,Male,21578.9
627,Ellis,Snelling,1945-12-13,Male,17548.49
628,Judi,Blaver,1940-09-25,Female,20862.5
629,Vanny,Bransom,1933-10-20,Female,25607.99
630,Egor,Meffen,1927-04-25,Male,16173.6
631,Everett,Wigin,1948-07-26,Male,22379.78
632,Kayne,Winsome,1923-07-17,Male,20908.44
633,Myrle,Flanagan,1948-06-12,Female,18674.41
634,Inez,Newland,1934-07-13,Female,20674.03
635,Guthry,Courtenay,1943-10-14,Male,12315.06
636,Rycca,Willgrass,1918-09-01,Female,20449.92
637,Andrei,Darth,1925-03-27,Female,18991.71
638,Christyna,Anthonies,1920-10-27,Female,25690.07
639,Marcy,Palfreyman,1943-09-25,Female,23619.28
640,Ariana,Easeman,1953-06-27,Female,21430.04
641,Karna,Harner,1947-07-05,Female,17390.7
642,Tamra,Oluwatoyin,1945-07-13,Female,13990.66
643,Kristoforo,Brooks,1928-05-29,Male,18781.02
644,Samuele,Abrami,1945-04-06,Male,20069.93
645,Virge,Ortega,1937-04-05,Male,22839.61
646,Nester,Trainer,1944-10-24,Male,18287.75
647,Stanislaus,Quimby,1930-02-17,Male,15203.91
648,Danya,Boyda,1933-10-15,Male,18321.31
649,Emelyne,Simson,1956-03-19,Female,18789.1
650,Laure,Maas,1933-12-19,Female,18870.31
651,Clarance,Khrishtafovich,1928-05-21,Male,21109.06
652,Joyann,Caldes,1956-12-21,Female,19520.6
653,Merrie,Scrane,1949-06-25,Female,23442.6
654,Lurlene,Atwood,1953-12-14,Female,16390.62
655,Jerrie,Blaze,1933-10-13,Female,13700.09
656,Sayers,Lideard,1928-07-13,Male,12406.24
657,Aristotle,Chauvey,1955-11-02,Male,24003.86
658,Lorie,Wallworth,1926-05-20,Female,22433.75
659,Glen,Stainbridge,1940-01-11,Female,22150.76
660,Melisenda,Whorf,1934-05-30,Female,24347.22
661,Henrie,Bayless,1931-09-07,Female,22997.35
662,Carine,Lillegard,1922-02-06,Female,18388.34
663,Loni,Forker,1937-07-18,Female,27381.58
664,Ignace,Laidlow,1921-09-12,Male,23334.01
665,Kenon,O'Flaherty,1946-10-08,Male,22143.33
666,Baxie,Oldam,1954-08-22,Male,19621.21
667,Karia,Rogister,1942-12-29,Female,15645.87
668,Pauletta,Elener,1926-01-21,Female,13777.86
669,Brina,Audenis,1919-02-24,Female,19638.2
670,Kenton,Yell,1923-01-12,Male,20171.0
671,Osborn,Treagus,1942-10-12,Male,18831.44
672,Bernardine,Brouard,1949-09-19,Female,23610.42
673,Aviva,Burnage,1947-05-17,Female,18353.14
674,Dominick,Di Maggio,1955-08-05,Male,19258.73
675,Wendie,Penhearow,1921-09-07,Female,18012.62
676,Dix,Studdard,1931-04-21,Female,17929.4
677,Pierette,Indruch,1944-08-26,Female,15892.7
678,Colby,Blasl,1918-09-14,Male,20215.0
679,Dwain,Schusterl,1941-06-10,Male,20552.84
680,Jody,Gaskins,1930-05-30,Male,21281.98
681,Camile,Wootton,1939-09-14,Female,20370.48
682,Mathilde,Aleixo,1928-07-19,Female,19385.56
683,Errol,Poundsford,1944-03-19,Male,16421.65
684,Rufe,Learmouth,1930-01-01,Male,20827.86
685,Darb,Edgeler,1926-08-01,Female,17656.78
686,Rebecka,Picopp,1928-12-09,Female,17274.0
687,Alicia,Sibylla,1922-05-14,Female,23680.25
688,Rollin,Maffeo,1942-12-17,Male,18913.85
689,Adair,Tackley,1918-08-28,Male,25025.8
690,Theodoric,Flight,1937-10-29,Male,20155.43
691,Hyacinth,Le Quesne,1927-08-10,Female,22188.15
692,Walsh,Creeboe,1934-01-31,Male,15406.14
693,Danica,Lanphier,1939-04-13,Female,23090.72
694,Desiree,Sedger,1938-11-18,Female,22951.1
695,Laurena,Luberti,1950-08-03,Female,24186.39
696,Cinda,Lornsen,1947-08-31,Female,23443.3
697,Manolo,Shoutt,1941-01-28,Male,17197.73
698,Verney,Ovanesian,1950-10-29,Male,19247.55
699,Taber,Dredge,1936-01-06,Male,18667.5
700,Karlene,Serjeant,1925-09-22,Female,27005.96
701,Salmon,Bleaden,1939-05-03,Male,21514.94
702,Barr,Seyers,1931-07-30,Male,21186.97
703,Susi,Lowater,1936-01-04,Female,22257.23
704,Joseph,Gorvin,1927-10-20,Male,15658.8
705,Juliette,Hunnicot,1952-11-13,Female,15711.2
706,Ilka,Leefe,1947-01-24,Female,19549.72
707,Sydney,Hayter,1930-07-14,Male,23095.98
708,Janka,Sheals,1928-12-11,Female,19615.96
709,Lauren,Grimsdith,1949-06-23,Male,23164.91
710,Fee,Mortimer,1919-03-04,Male,12813.59
711,Emile,Layson,1942-01-28,Male,17312.71
712,Pearline,Tourner,1927-04-16,Female,22907.33
713,Tawnya,MacFarlan,1927-12-25,Female,25344.3
714,Ingeborg,Firle,1930-08-20,Female,17003.48
715,Hilton,Thoma,1935-12-19,Male,24254.56
716,Ardra,Duddridge,1925-11-06,Female,19631.68
717,Del,Kinghorn,1929-01-08,Male,22933.49
718,Rosalinda,Upchurch,1956-03-13,Female,22298.95
719,Vita,Dargie,1940-10-15,Female,21814.32
720,Gilli,Bortoli,1953-02-17,Female,13648.73
721,Germaine,Bitterton,1932-02-13,Male,16783.2
722,Nanette,Screase,1933-04-27,Female,17012.52
723,Becky,Mockett,1956-03-25,Female,15918.88
724,Caro,Winstanley,1938-05-14,Female,19699.31
725,Merola,Pleuman,1921-05-03,Female,22684.31
726,Cynthie,Baudain,1948-09-30,Female,12712.08
727,Derby,McPeeters,1946-02-28,Male,19696.65
728,Terri,Lello,1926-02-27,Male,20211.19
729,Stavro,Saffen,1934-05-20,Male,23689.18
730,Andros,Prise,1938-09-07,Male,21610.95
731,See,Bambrick,1957-07-10,Male,22771.06
732,Randall,Gossington,1921-02-10,Male,22353.38
733,Tobit,Sidlow,1957-10-17,Male,22717.11
734,Alverta,Babonau,1949-12-30,Female,22073.35
735,Elga,Bennit,1924-04-18,Female,17336.8
736,Luce,Clemencon,1935-12-31,Male,19761.52
737,Candis,Riddall,1950-03-16,Female,15646.02
738,Leanna,Brampton,1937-01-13,Female,18991.73
739,Portia,Pettman,1932-07-07,Female,23380.95
740,Marven,Dyke,1945-08-04,Male,19680.06
741,Dennie,Gowman,1943-06-17,Male,20566.45
742,Flin,Swalough,1924-01-24,Male,25500.43
743,Pembroke,Blanque,1945-01-03,Male,17241.89
744,Winnie,Cristofori,1926-03-17,Female,20395.01
745,Martie,Lobe,1924-01-14,Male,25085.73
746,Madeline,Scoines,1920-01-26,Female,21332.77
747,Garwood,Waylett,1948-08-17,Male,21141.78
748,Tabbi,Vanyarkin,1922-02-26,Female,20846.54
749,Bradley,Berre,1944-03-31,Male,18402.19
750,Haleigh,Kienl,1921-10-04,Female,23122.09
751,Raymond,Surmon,1934-08-15,Male,18991.78
752,Davy,Husset,1957-02-20,Male,19554.7
753,Ira,McQuaide,1946-01-28,Male,20173.72
754,Barney,Garton,1921-03-05,Male,16254.44
755,Dennie,Malcher,1958-02-05,Female,19404.17
756,Veradis,Coffey,1925-11-21,Female,16510.35
757,Gordan,Sidwell,1927-04-18,Male,21822.21
758,Marco,Fosdick,1952-06-01,Male,26758.63
759,Eolanda,Lamden,1932-09-10,Female,18054.93
760,Marlene,Jennings,1931-02-28,Female,19060.36
761,Cass,Paal,1941-05-28,Male,23850.34
762,Briggs,Abbyss,1927-10-06,Male,23873.02
763,Ange,Laverack,1952-10-13,Male,15674.45
764,Artie,Vuittet,1937-09-08,Male,23360.71
765,Dominic,Lassells,1922-12-04,Male,17829.27
766,Laina,Borges,1921-04-22,Female,20847.38
767,Daryn,Noades,1954-03-10,Female,16661.09
768,Dionysus,Stent,1934-10-21,Male,19832.88
769,Alexandre,Wastie,1943-01-20,Male,21094.3
770,Teodorico,Dedrick,1940-06-08,Male,21603.9
771,Paxon,Van Oort,1949-06-06,Male,19556.69
772,Kerwinn,Corser,1948-08-17,Male,19176.45
773,Garrot,Roches,1931-08-11,Male,18447.1
774,Hyman,Chaplain,1953-07-27,Male,25942.83
775,Paula,Abadam,1929-05-23,Female,21866.71
776,Wynn,Twelve,1922-01-27,Male,18646.24
777,Gaby,Justis,1942-10-17,Female,20408.5
778,Rickert,Wesker,1938-12-25,Male,19862.48
779,Ingaborg,Gingel,1925-05-09,Female,20621.58
780,Rebekkah,Cansdell,1957-10-16,Female,21897.55
781,Richard,Grimster,1946-10-31,Male,24360.38
782,Rubin,Wittier,1940-09-11,Male,16325.28
783,Pepe,MacMurray,1927-11-30,Male,19534.2
784,Glenn,Stollenhof,1943-05-18,Male,22849.6
785,Waldon,McMorran,1956-02-04,Male,17589.71
786,Katleen,Wollacott,1957-03-02,Female,17790.51
787,Helga,De Stoop,1929-05-28,Female,13260.0
788,Wilie,Broadberrie,1928-12-20,Female,24906.48
789,Bellina,Haveline,1949-11-09,Female,20931.23
790,Carmelle,Coslitt,1924-05-12,Female,16042.85
791,Karen,Ganing,1933-08-17,Female,16934.85
792,Jacintha,Lovewell,1928-02-25,Female,19159.54
793,Ibby,Dalston,1949-05-12,Female,19906.79
794,Colly,Crawshaw,1947-06-15,Female,23891.32
795,Jeffie,Sandell,1930-11-15,Male,22840.48
796,Margarethe,Maryott,1921-01-13,Female,18479.11
797,Hubie,Eringey,1920-03-21,Male,21571.61
798,Syman,Halliberton,1918-08-19,Male,21879.76
799,Yule,Tomasian,1947-06-22,Male,17933.14
800,Lemmie,Menguy,1926-01-30,Male,14727.82
801,Weider,Middleditch,1944-07-15,Male,14242.98
802,Adelle,Lebond,1918-08-12,Female,16370.64
803,Chariot,Mortimer,1937-03-20,Male,15198.36
804,Madelaine,Gooder,1938-01-31,Female,22497.65
805,Bertie,Langfat,1952-06-08,Female,18921.18
806,Dwayne,Mc Ilory,1925-04-22,Male,19419.27
807,Shir,Scrase,1921-09-12,Female,19087.47
808,Kristo,De Banke,1920-06-04,Male,22166.62
809,Colene,Mullaly,1949-07-12,Female,18685.38
810,Shari,Kenningham,1954-07-01,Female,20387.81
811,Brendan,Sepey,1937-06-27,Male,21638.25
812,Cristine,Houdmont,1954-11-08,Female,18021.93
813,Lorne,Rippon,1956-10-01,Female,25198.16
814,Swen,Wilson,1940-05-27,Male,23522.61
815,Boy,Clute,1936-10-20,Male,24726.4
816,Humfried,Dewan,1941-05-06,Male,20723.73
817,Ewen,Whitland,1947-02-05,Male,14140.12
818,Brien,Furmonger,1932-05-09,Male,16299.51
819,Biddy,Darville,1938-01-20,Female,14546.08
820,Kennett,Howman,1951-10-30,Male,19298.51
821,Ignacio,Girod,1922-07-28,Male,16995.86
822,Aldrich,Prewer,1957-05-11,Male,17651.12
823,Tim,Snelle,1921-05-02,Male,16479.62
824,Gill,Grimwood,1941-12-31,Female,23961.52
825,Shepperd,Levison,1925-10-18,Male,18569.47
826,Barbara,Szymanzyk,1942-05-11,Female,22758.12
827,Shanna,Redgrave,1932-11-23,Female,29127.1
828,Denyse,Saltman,1937-02-11,Female,19100.62
829,Caritta,Chedzoy,1958-04-01,Female,18741.87
830,Eddie,O'Loughnan,1927-10-12,Female,17196.82
831,Randolph,Niche,1942-04-19,Male,20282.03
832,Dorena,Cattel,1941-12-06,Female,20931.31
833,Antonietta,Eaden,1945-10-10,Female,15768.65
834,Stephenie,Hamley,1953-06-01,Female,16726.82
835,Aura,Noon,1950-04-07,Female,21720.95
836,Ashil,Penticost,1946-10-29,Female,19545.99
837,Basil,Smitherham,1951-07-26,Male,21657.87
838,Mag,Isaacson,1947-07-28,Female,16627.69
839,Marnie,Mogie,1923-10-02,Female,20914.68
840,Kelcie,MacKeeg,1922-05-31,Female,18513.76
841,Tracee,Brittin,1934-03-10,Female,20329.8
842,Marielle,Carn,1939-07-30,Female,18215.44
843,Violette,Brise,1920-09-13,Female,17909.77
844,Gustaf,Mellon,1952-02-09,Male,11069.76
845,Annetta,Rate,1947-01-20,Female,23776.7
846,Lucia,Calam,1952-09-23,Female,18371.05
847,Codi,Brandenburg,1920-07-07,Female,17283.39
848,Ede,Pes,1926-08-11,Female,22723.52
849,Leeann,Chalkly,1927-04-22,Female,20171.9
850,Donnajean,Goozee,1944-10-03,Female,15071.72
851,Kevon,Whalley,1944-04-01,Male,16902.41
852,Kaleb,Downham,1947-05-16,Male,15741.33
853,Mannie,Le Barre,1918-10-05,Male,16743.36
854,Kermy,Brixey,1918-07-26,Male,23819.85
855,Shirlene,Surgey,1943-05-20,Female,20595.9
856,Marne,Meneo,1954-05-27,Female,17843.12
857,Ashil,Evesque,1941-04-09,Female,16936.29
858,Daloris,Kless,1950-01-10,Female,23729.99
859,Ingar,Lumsdon,1933-12-13,Male,15546.21
860,Angelita,McCaughen,1955-02-04,Female,18940.12
861,Kellyann,Barlace,1931-08-08,Female,24296.68
862,Keane,Robbert,1954-02-23,Male,16631.94
863,Julianna,Gravener,1953-12-29,Female,17909.25
864,Hephzibah,Edgeler,1949-11-26,Female,19278.67
865,Adlai,Littler,1941-12-25,Male,16550.37
866,Albina,Fearick,1922-07-23,Female,23719.52
867,Annie,Falconbridge,1941-03-21,Female,15931.93
868,Kristal,Holde,1944-05-29,Female,19231.53
869,Darren,Suggett,1921-09-02,Male,21721.57
870,Ermengarde,Greening,1949-07-18,Female,15394.2
871,Ailbert,Beadman,1922-02-01,Male,16351.56
872,Bernard,Vyvyan,1939-10-08,Male,22183.67
873,Allie,Babb,1952-11-28,Male,17459.24
874,Jamal,Barron,1919-11-29,Male,22192.66
875,Sumner,Macura,1950-04-12,Male,23128.91
876,Beitris,Humerstone,1958-07-08,Female,23607.49
877,Hulda,Gercke,1954-04-18,Female,19570.52
878,Andrey,Rusling,1942-10-09,Male,22074.71
879,Johannah,Waszczykowski,1935-12-27,Female,18616.52
880,Austine,Burgot,1930-02-06,Female,18536.33
881,Blythe,Newland,1946-03-20,Female,18812.2
882,Melisse,Layborn,1950-10-30,Female,17967.18
883,Aarika,Streets,1943-05-20,Female,16254.28
884,Farlee,Duns,1947-02-17,Male,15216.2
885,Mortimer,Endley,1955-03-18,Male,18129.16
886,Locke,Normington,1935-01-29,Male,25267.43
887,Simonette,Benck,1949-09-28,Female,19526.86
888,Madella,Woofinden,1923-08-31,Female,21295.03
889,Vern,MacGarvey,1919-11-13,Male,24733.6
890,Forrester,McCutheon,1922-07-03,Male,19768.22
891,Jan,Songest,1934-04-08,Male,20253.34
892,Reinaldos,Ilsley,1923-03-24,Male,18542.39
893,Foster,Shelbourne,1947-12-08,Male,16384.21
894,Godiva,Alexandrescu,1928-12-31,Female,16815.17
895,Delores,Amorine,1931-10-15,Female,20211.34
896,Kamilah,Hovy,1931-08-08,Female,19179.35
897,Hastie,Trenear,1925-01-25,Male,18342.58
898,Libbie,Hallybone,1927-09-29,Female,22508.15
899,Linet,Pepye,1951-06-29,Female,20785.53
900,Cyndi,Ellingsworth,1945-04-19,Female,20904.53
901,Rolando,Shippard,1919-11-17,Male,15702.22
902,Tedda,Udall,1952-09-20,Female,17920.43
903,Stephannie,Sturm,1955-05-27,Female,19673.29
904,Vittoria,Hambleton,1925-03-20,Female,18359.24
905,Alameda,Eberz,1945-01-04,Female,21472.96
906,Jarrod,Daysh,1936-02-18,Male,18954.08
907,Kim,Clatworthy,1941-08-25,Male,19039.4
908,Valma,Sherringham,1946-10-23,Female,21363.11
909,Kale,Shann,1934-01-12,Male,23710.22
910,Carroll,Vossgen,1946-05-23,Female,20744.26
911,Truman,Fenty,1924-11-28,Male,21276.17
912,Cami,Cortez,1919-03-07,Female,23843.58
913,Ericka,Littlekit,1930-03-20,Female,19368.61
914,Haroun,Hyne,1939-07-29,Male,18878.59
915,Jillie,Kivell,1945-06-12,Female,22841.05
916,Mikol,Lamperd,1954-03-27,Male,22941.28
917,Aurlie,Warlow,1932-08-21,Female,20365.59
918,Eugenius,McAnulty,1930-06-21,Male,20705.24
919,Kitty,Wadesworth,1955-02-20,Female,19837.77
920,Viola,Fallows,1951-03-27,Female,19659.59
921,Leandra,Rego,1919-08-25,Female,21507.81
922,Noel,Sleeman,1955-05-09,Female,12752.15
923,Eustace,Lackeye,1955-04-24,Male,16465.3
924,Vito,D'eye,1938-08-04,Male,21175.6
925,Gill,Lief,1946-04-14,Male,15823.75
926,Johny,Tejero,1933-02-17,Male,23765.76
927,Vera,Morillas,1932-02-02,Female,19090.65
928,Marris,Jewar,1947-08-17,Female,22747.67
929,Debee,Halifax,1940-04-16,Female,20412.72
930,Garwin,Truss,1954-06-15,Male,20817.92
931,Ranna,Plaschke,1940-05-31,Female,26512.8
932,Kally,Salt,1922-12-06,Female,16677.97
933,Madelaine,Lornsen,1949-03-21,Female,20606.32
934,Raf,Fosdike,1929-03-06,Female,15870.6
935,King,Monkton,1925-12-27,Male,26579.27
936,Steven,Lucey,1931-08-13,Male,19974.99
937,Pammie,Kobelt,1947-01-13,Female,14706.92
938,Dolores,Kelley,1957-04-20,Female,21270.32
939,Nada,Watsam,1954-08-10,Female,19988.02
940,Linnell,Hasser,1937-04-26,Female,16888.24
941,Caressa,Stewartson,1940-06-04,Female,23355.69
942,Genia,Fidilis,1956-05-18,Female,20845.58
943,Gorden,Sibary,1921-03-05,Male,22599.66
944,Brynna,Axe,1927-02-16,Female,19887.79
945,Jasmina,Kelemen,1946-05-30,Female,23811.42
946,Myrvyn,Dymott,1923-04-18,Male,20817.09
947,Gifford,Ridings,1932-10-31,Male,14089.55
948,Rodney,Clemitt,1923-11-04,Male,23183.95
949,Peyter,Pavluk,1938-09-29,Male,18816.05
950,Ammamaria,Mudge,1945-09-16,Female,24560.09
951,Rhodie,Dowbekin,1926-03-03,Female,21583.26
952,Petronella,Phettiplace,1926-02-07,Female,19687.09
953,Brody,Currao,1927-11-10,Male,24681.95
954,Conrade,Fittis,1937-04-11,Male,20982.92
955,Trumaine,Esmead,1934-03-01,Male,14644.58
956,Frank,Elia,1933-10-26,Male,20024.43
957,Mirabel,Braniff,1950-12-28,Female,16129.81
958,Jerrine,Robilart,1957-11-02,Female,26324.56
959,Leora,Pleaden,1926-04-08,Female,16606.15
960,Jilly,Saket,1946-09-24,Female,15992.98
961,Mendy,McKinie,1945-06-13,Male,20154.7
962,Dennis,Addie,1943-12-02,Male,18097.49
963,Sherwin,Thain,1941-09-08,Male,21060.83
964,Gwendolen,Malyon,1943-04-21,Female,21975.86
965,Monti,Sharp,1919-11-06,Male,21153.88
966,Nessie,Batte,1934-04-09,Female,18791.45
967,Dixie,Youngs,1929-12-13,Female,17074.36
968,Delinda,Eden,1924-11-23,Female,20267.9
969,Dermot,Perrin,1943-06-05,Male,23835.97
970,Diandra,Pinard,1921-11-22,Female,19121.26
971,Gilburt,Roy,1949-10-11,Male,20867.27
972,Dehlia,Hardacre,1955-08-20,Female,21171.09
973,Lukas,Edens,1920-06-27,Male,22464.38
974,Elita,McKiddin,1926-02-08,Female,15974.99
975,Freddie,Wardell,1945-01-29,Female,19018.16
976,Greer,Elkins,1951-04-18,Female,19734.88
977,Rochelle,Casterton,1930-03-04,Female,20356.24
978,Halley,Janc,1939-04-18,Female,22980.8
979,Roscoe,Caig,1921-05-17,Male,14808.08
980,Judah,McCooke,1937-10-05,Male,18453.97
981,Fabien,Keays,1927-04-01,Male,16258.38
982,Pepillo,Maybey,1922-11-04,Male,19765.51
983,Benedetto,Sturmey,1934-01-21,Male,21304.49
984,Gottfried,Ollerhead,1934-03-25,Male,23288.34
985,Joby,McNiff,1956-07-07,Female,18542.16
986,Rozalin,Collimore,1932-08-19,Female,18878.45
987,Nelie,Imlaw,1935-06-13,Female,21545.39
988,Baird,Marc,1934-10-17,Male,22435.11
989,Estevan,Dotterill,1947-07-29,Male,22817.32
990,Natale,Ledward,1919-07-02,Male,18568.31
991,Derby,Pressey,1945-09-08,Male,22194.35
992,Montgomery,Ramey,1919-04-29,Male,20768.64
993,Lazar,Garth,1929-06-03,Male,21517.66
994,Zackariah,Boxhill,1939-04-23,Male,19693.28
995,Tommy,Giorgione,1937-07-09,Male,21699.11
996,Vaughan,Walkling,1938-09-25,Male,30578.42
997,Kirstin,Gavey,1937-10-19,Female,19252.96
998,Myrle,Cowpe,1946-05-14,Female,24426.79
999,Robers,Trevers,1944-05-05,Male,22775.01
1000,Malcolm,Baughen,1925-06-14,Male,24546.95
